"Source:","D:\Privat\Circuit_Design\ControllerV2\ControllerMainV2\ControllerMainV2.kicad_sch"
"Date:","26/09/2022 09:47:38"
"Tool:","Eeschema (6.0.4)"
"Generator:","C:\Program Files\KiCad\6.0\bin\scripting\plugins/bom_csv_grouped_by_value.py"
"Component Count:","222"

"Individual Components:"

"Item","Qty","Reference(s)","Value","LibPart","Footprint","Datasheet","Arrow Part Number","Arrow Price/Stock","Description","Height","Manufacturer_Name","Manufacturer_Part_Number","Mouser Part Number","Mouser Price/Stock"
"","","C1","100n","Device:C","Capacitor_SMD:C_1206_3216Metric_Pad1.33x1.80mm_HandSolder","~","","","","","","","",""
"","","C2","100n","Device:C","Capacitor_SMD:C_1206_3216Metric_Pad1.33x1.80mm_HandSolder","~","","","","","","","",""
"","","C3","100n","Device:C","Capacitor_SMD:C_1206_3216Metric_Pad1.33x1.80mm_HandSolder","~","","","","","","","",""
"","","C4","100n","Device:C","Capacitor_SMD:C_1206_3216Metric_Pad1.33x1.80mm_HandSolder","~","","","","","","","",""
"","","C5","2.2n","Device:C","Capacitor_SMD:C_1206_3216Metric_Pad1.33x1.80mm_HandSolder","~","","","","","","","",""
"","","C6","22n","Device:C","Capacitor_SMD:C_1206_3216Metric_Pad1.33x1.80mm_HandSolder","~","","","","","","","",""
"","","C7","22n","Device:C","Capacitor_SMD:C_1206_3216Metric_Pad1.33x1.80mm_HandSolder","~","","","","","","","",""
"","","C8","22n","Device:C","Capacitor_SMD:C_1206_3216Metric_Pad1.33x1.80mm_HandSolder","~","","","","","","","",""
"","","C9","22n","Device:C","Capacitor_SMD:C_1206_3216Metric_Pad1.33x1.80mm_HandSolder","~","","","","","","","",""
"","","C10","1u","Device:C","Capacitor_SMD:C_1206_3216Metric_Pad1.33x1.80mm_HandSolder","~","","","","","","","",""
"","","C11","1u","Device:C","Capacitor_SMD:C_1206_3216Metric_Pad1.33x1.80mm_HandSolder","~","","","","","","","",""
"","","C12","22n","Device:C","Capacitor_SMD:C_1206_3216Metric_Pad1.33x1.80mm_HandSolder","~","","","","","","","",""
"","","C13","100n","Device:C","Capacitor_SMD:C_1206_3216Metric_Pad1.33x1.80mm_HandSolder","~","","","","","","","",""
"","","C14","100n","Device:C","Capacitor_SMD:C_1206_3216Metric_Pad1.33x1.80mm_HandSolder","~","","","","","","","",""
"","","C15","1u","Device:C","Capacitor_SMD:C_1206_3216Metric_Pad1.33x1.80mm_HandSolder","~","","","","","","","",""
"","","C16","1u","Device:C","Capacitor_SMD:C_1206_3216Metric_Pad1.33x1.80mm_HandSolder","~","","","","","","","",""
"","","C17","100n","Device:C","Capacitor_SMD:C_1206_3216Metric_Pad1.33x1.80mm_HandSolder","~","","","","","","","",""
"","","C18","100n","Device:C","Capacitor_SMD:C_1206_3216Metric_Pad1.33x1.80mm_HandSolder","~","","","","","","","",""
"","","C21","100n","Device:C","Capacitor_SMD:C_1206_3216Metric_Pad1.33x1.80mm_HandSolder","~","","","","","","","",""
"","","C22","100n","Device:C","Capacitor_SMD:C_1206_3216Metric_Pad1.33x1.80mm_HandSolder","~","","","","","","","",""
"","","C23","100n","Device:C","Capacitor_SMD:C_1206_3216Metric_Pad1.33x1.80mm_HandSolder","~","","","","","","","",""
"","","C24","100n","Device:C","Capacitor_SMD:C_1206_3216Metric_Pad1.33x1.80mm_HandSolder","~","","","","","","","",""
"","","C25","100n","Device:C","Capacitor_SMD:C_1206_3216Metric_Pad1.33x1.80mm_HandSolder","~","","","","","","","",""
"","","C_Spl1","100n","Device:C","Capacitor_SMD:C_1206_3216Metric_Pad1.33x1.80mm_HandSolder","~","","","","","","","",""
"","","C_Spl2","100n","Device:C","Capacitor_SMD:C_1206_3216Metric_Pad1.33x1.80mm_HandSolder","~","","","","","","","",""
"","","C_Spl3","100n","Device:C","Capacitor_SMD:C_1206_3216Metric_Pad1.33x1.80mm_HandSolder","~","","","","","","","",""
"","","C_Spl4","10u","Device:C_Polarized","Capacitor_SMD:C_Elec_4x5.4","~","","","","","","","",""
"","","C_Spl5","10u","Device:C_Polarized","Capacitor_SMD:C_Elec_4x5.4","~","","","","","","","",""
"","","C_Spl6","10u","Device:C_Polarized","Capacitor_SMD:C_Elec_4x5.4","~","","","","","","","",""
"","","C_Spl7","100n","Device:C","Capacitor_SMD:C_1206_3216Metric_Pad1.33x1.80mm_HandSolder","~","","","","","","","",""
"","","C_Spl8","10u","Device:C_Polarized","Capacitor_SMD:C_Elec_4x5.4","~","","","","","","","",""
"","","C_U1","100n","Device:C","Capacitor_SMD:C_1206_3216Metric_Pad1.33x1.80mm_HandSolder","~","","","","","","","",""
"","","C_U2","100n","Device:C","Capacitor_SMD:C_1206_3216Metric_Pad1.33x1.80mm_HandSolder","~","","","","","","","",""
"","","C_U3","100n","Device:C","Capacitor_SMD:C_1206_3216Metric_Pad1.33x1.80mm_HandSolder","~","","","","","","","",""
"","","C_U4","100n","Device:C","Capacitor_SMD:C_1206_3216Metric_Pad1.33x1.80mm_HandSolder","~","","","","","","","",""
"","","C_U5","100n","Device:C","Capacitor_SMD:C_1206_3216Metric_Pad1.33x1.80mm_HandSolder","~","","","","","","","",""
"","","C_U6","100n","Device:C","Capacitor_SMD:C_1206_3216Metric_Pad1.33x1.80mm_HandSolder","~","","","","","","","",""
"","","C_U7","100n","Device:C","Capacitor_SMD:C_1206_3216Metric_Pad1.33x1.80mm_HandSolder","~","","","","","","","",""
"","","C_U8","100n","Device:C","Capacitor_SMD:C_1206_3216Metric_Pad1.33x1.80mm_HandSolder","~","","","","","","","",""
"","","C_U9","100n","Device:C","Capacitor_SMD:C_1206_3216Metric_Pad1.33x1.80mm_HandSolder","~","","","","","","","",""
"","","C_U11","100n","Device:C","Capacitor_SMD:C_1206_3216Metric_Pad1.33x1.80mm_HandSolder","~","","","","","","","",""
"","","C_VDD_IC1","100n","Device:C","Capacitor_SMD:C_1206_3216Metric_Pad1.33x1.80mm_HandSolder","~","","","","","","","",""
"","","C_VDD_IC2","100n","Device:C","Capacitor_SMD:C_1206_3216Metric_Pad1.33x1.80mm_HandSolder","~","","","","","","","",""
"","","C_VDD_IC3","100n","Device:C","Capacitor_SMD:C_1206_3216Metric_Pad1.33x1.80mm_HandSolder","~","","","","","","","",""
"","","C_VDD_IC4","100n","Device:C","Capacitor_SMD:C_1206_3216Metric_Pad1.33x1.80mm_HandSolder","~","","","","","","","",""
"","","C_VDD_IC5","100n","Device:C","Capacitor_SMD:C_1206_3216Metric_Pad1.33x1.80mm_HandSolder","~","","","","","","","",""
"","","C_VDD_IC6","100n","Device:C","Capacitor_SMD:C_1206_3216Metric_Pad1.33x1.80mm_HandSolder","~","","","","","","","",""
"","","C_VDD_IC7","100n","Device:C","Capacitor_SMD:C_1206_3216Metric_Pad1.33x1.80mm_HandSolder","~","","","","","","","",""
"","","C_VDD_IC8","100n","Device:C","Capacitor_SMD:C_1206_3216Metric_Pad1.33x1.80mm_HandSolder","~","","","","","","","",""
"","","C_VDD_IC9","100n","Device:C","Capacitor_SMD:C_1206_3216Metric_Pad1.33x1.80mm_HandSolder","~","","","","","","","",""
"","","C_VDD_IC10","100n","Device:C","Capacitor_SMD:C_1206_3216Metric_Pad1.33x1.80mm_HandSolder","~","","","","","","","",""
"","","C_VDD_IC11","100n","Device:C","Capacitor_SMD:C_1206_3216Metric_Pad1.33x1.80mm_HandSolder","~","","","","","","","",""
"","","C_VDD_IC12","100n","Device:C","Capacitor_SMD:C_1206_3216Metric_Pad1.33x1.80mm_HandSolder","~","","","","","","","",""
"","","C_VDD_IC13","100n","Device:C","Capacitor_SMD:C_1206_3216Metric_Pad1.33x1.80mm_HandSolder","~","","","","","","","",""
"","","C_VDD_IC14","100n","Device:C","Capacitor_SMD:C_1206_3216Metric_Pad1.33x1.80mm_HandSolder","~","","","","","","","",""
"","","C_VDD_IC15","100n","Device:C","Capacitor_SMD:C_1206_3216Metric_Pad1.33x1.80mm_HandSolder","~","","","","","","","",""
"","","C_VDD_IC16","100n","Device:C","Capacitor_SMD:C_1206_3216Metric_Pad1.33x1.80mm_HandSolder","~","","","","","","","",""
"","","C_VSS_IC1","100n","Device:C","Capacitor_SMD:C_1206_3216Metric_Pad1.33x1.80mm_HandSolder","~","","","","","","","",""
"","","C_VSS_IC2","100n","Device:C","Capacitor_SMD:C_1206_3216Metric_Pad1.33x1.80mm_HandSolder","~","","","","","","","",""
"","","C_VSS_IC3","100n","Device:C","Capacitor_SMD:C_1206_3216Metric_Pad1.33x1.80mm_HandSolder","~","","","","","","","",""
"","","C_VSS_IC4","100n","Device:C","Capacitor_SMD:C_1206_3216Metric_Pad1.33x1.80mm_HandSolder","~","","","","","","","",""
"","","C_VSS_IC5","100n","Device:C","Capacitor_SMD:C_1206_3216Metric_Pad1.33x1.80mm_HandSolder","~","","","","","","","",""
"","","C_VSS_IC6","100n","Device:C","Capacitor_SMD:C_1206_3216Metric_Pad1.33x1.80mm_HandSolder","~","","","","","","","",""
"","","C_VSS_IC7","100n","Device:C","Capacitor_SMD:C_1206_3216Metric_Pad1.33x1.80mm_HandSolder","~","","","","","","","",""
"","","C_VSS_IC8","100n","Device:C","Capacitor_SMD:C_1206_3216Metric_Pad1.33x1.80mm_HandSolder","~","","","","","","","",""
"","","C_VSS_IC9","100n","Device:C","Capacitor_SMD:C_1206_3216Metric_Pad1.33x1.80mm_HandSolder","~","","","","","","","",""
"","","C_VSS_IC10","100n","Device:C","Capacitor_SMD:C_1206_3216Metric_Pad1.33x1.80mm_HandSolder","~","","","","","","","",""
"","","C_VSS_IC11","100n","Device:C","Capacitor_SMD:C_1206_3216Metric_Pad1.33x1.80mm_HandSolder","~","","","","","","","",""
"","","C_VSS_IC12","100n","Device:C","Capacitor_SMD:C_1206_3216Metric_Pad1.33x1.80mm_HandSolder","~","","","","","","","",""
"","","C_VSS_IC13","100n","Device:C","Capacitor_SMD:C_1206_3216Metric_Pad1.33x1.80mm_HandSolder","~","","","","","","","",""
"","","C_VSS_IC14","100n","Device:C","Capacitor_SMD:C_1206_3216Metric_Pad1.33x1.80mm_HandSolder","~","","","","","","","",""
"","","C_VSS_IC15","100n","Device:C","Capacitor_SMD:C_1206_3216Metric_Pad1.33x1.80mm_HandSolder","~","","","","","","","",""
"","","C_VSS_IC16","100n","Device:C","Capacitor_SMD:C_1206_3216Metric_Pad1.33x1.80mm_HandSolder","~","","","","","","","",""
"","","D1","1N4148","Diode:1N4148","Diode_SMD:D_SOD-123","https://assets.nexperia.com/documents/data-sheet/1N4148_1N4448.pdf","","","","","","","",""
"","","D2","1N4148","Diode:1N4148","Diode_SMD:D_SOD-123","https://assets.nexperia.com/documents/data-sheet/1N4148_1N4448.pdf","","","","","","","",""
"","","D3","1N4148","Diode:1N4148","Diode_SMD:D_SOD-123","https://assets.nexperia.com/documents/data-sheet/1N4148_1N4448.pdf","","","","","","","",""
"","","D4","1N4148","Diode:1N4148","Diode_SMD:D_SOD-123","https://assets.nexperia.com/documents/data-sheet/1N4148_1N4448.pdf","","","","","","","",""
"","","D5","1N4148","Diode:1N4148","Diode_SMD:D_SOD-123","https://assets.nexperia.com/documents/data-sheet/1N4148_1N4448.pdf","","","","","","","",""
"","","H1","MountingHole","Mechanical:MountingHole","MountingHole:MountingHole_3.2mm_M3","~","","","","","","","",""
"","","H2","MountingHole","Mechanical:MountingHole","MountingHole:MountingHole_3.2mm_M3","~","","","","","","","",""
"","","IC1","MUX506IDWR","SamacSys_Parts:MUX506IDWR","SamacSys_Parts:SOIC127P1030X265-28N","http://www.ti.com/lit/gpn/mux506","MUX506IDWR","https://www.arrow.com/en/products/mux506idwr/texas-instruments?region=nac","MUX50x 36V, Low-Capacitance, Low-Charge-Injection, Precision, Analog Multiplexer","2.65","Texas Instruments","MUX506IDWR","595-MUX506IDWR","https://www.mouser.co.uk/ProductDetail/Texas-Instruments/MUX506IDWR?qs=7EBvPakHacVyv2nASLrMzg%3D%3D"
"","","IC2","MUX506IDWR","SamacSys_Parts:MUX506IDWR","SamacSys_Parts:SOIC127P1030X265-28N","http://www.ti.com/lit/gpn/mux506","MUX506IDWR","https://www.arrow.com/en/products/mux506idwr/texas-instruments?region=nac","MUX50x 36V, Low-Capacitance, Low-Charge-Injection, Precision, Analog Multiplexer","2.65","Texas Instruments","MUX506IDWR","595-MUX506IDWR","https://www.mouser.co.uk/ProductDetail/Texas-Instruments/MUX506IDWR?qs=7EBvPakHacVyv2nASLrMzg%3D%3D"
"","","IC3","MUX506IDWR","SamacSys_Parts:MUX506IDWR","SamacSys_Parts:SOIC127P1030X265-28N","http://www.ti.com/lit/gpn/mux506","MUX506IDWR","https://www.arrow.com/en/products/mux506idwr/texas-instruments?region=nac","MUX50x 36V, Low-Capacitance, Low-Charge-Injection, Precision, Analog Multiplexer","2.65","Texas Instruments","MUX506IDWR","595-MUX506IDWR","https://www.mouser.co.uk/ProductDetail/Texas-Instruments/MUX506IDWR?qs=7EBvPakHacVyv2nASLrMzg%3D%3D"
"","","IC4","MUX506IDWR","SamacSys_Parts:MUX506IDWR","SamacSys_Parts:SOIC127P1030X265-28N","http://www.ti.com/lit/gpn/mux506","MUX506IDWR","https://www.arrow.com/en/products/mux506idwr/texas-instruments?region=nac","MUX50x 36V, Low-Capacitance, Low-Charge-Injection, Precision, Analog Multiplexer","2.65","Texas Instruments","MUX506IDWR","595-MUX506IDWR","https://www.mouser.co.uk/ProductDetail/Texas-Instruments/MUX506IDWR?qs=7EBvPakHacVyv2nASLrMzg%3D%3D"
"","","IC5","MUX506IDWR","SamacSys_Parts:MUX506IDWR","SamacSys_Parts:SOIC127P1030X265-28N","http://www.ti.com/lit/gpn/mux506","MUX506IDWR","https://www.arrow.com/en/products/mux506idwr/texas-instruments?region=nac","MUX50x 36V, Low-Capacitance, Low-Charge-Injection, Precision, Analog Multiplexer","2.65","Texas Instruments","MUX506IDWR","595-MUX506IDWR","https://www.mouser.co.uk/ProductDetail/Texas-Instruments/MUX506IDWR?qs=7EBvPakHacVyv2nASLrMzg%3D%3D"
"","","IC6","MUX506IDWR","SamacSys_Parts:MUX506IDWR","SamacSys_Parts:SOIC127P1030X265-28N","http://www.ti.com/lit/gpn/mux506","MUX506IDWR","https://www.arrow.com/en/products/mux506idwr/texas-instruments?region=nac","MUX50x 36V, Low-Capacitance, Low-Charge-Injection, Precision, Analog Multiplexer","2.65","Texas Instruments","MUX506IDWR","595-MUX506IDWR","https://www.mouser.co.uk/ProductDetail/Texas-Instruments/MUX506IDWR?qs=7EBvPakHacVyv2nASLrMzg%3D%3D"
"","","IC7","MUX506IDWR","SamacSys_Parts:MUX506IDWR","SamacSys_Parts:SOIC127P1030X265-28N","http://www.ti.com/lit/gpn/mux506","MUX506IDWR","https://www.arrow.com/en/products/mux506idwr/texas-instruments?region=nac","MUX50x 36V, Low-Capacitance, Low-Charge-Injection, Precision, Analog Multiplexer","2.65","Texas Instruments","MUX506IDWR","595-MUX506IDWR","https://www.mouser.co.uk/ProductDetail/Texas-Instruments/MUX506IDWR?qs=7EBvPakHacVyv2nASLrMzg%3D%3D"
"","","IC8","MUX506IDWR","SamacSys_Parts:MUX506IDWR","SamacSys_Parts:SOIC127P1030X265-28N","http://www.ti.com/lit/gpn/mux506","MUX506IDWR","https://www.arrow.com/en/products/mux506idwr/texas-instruments?region=nac","MUX50x 36V, Low-Capacitance, Low-Charge-Injection, Precision, Analog Multiplexer","2.65","Texas Instruments","MUX506IDWR","595-MUX506IDWR","https://www.mouser.co.uk/ProductDetail/Texas-Instruments/MUX506IDWR?qs=7EBvPakHacVyv2nASLrMzg%3D%3D"
"","","IC9","MUX506IDWR","SamacSys_Parts:MUX506IDWR","SamacSys_Parts:SOIC127P1030X265-28N","http://www.ti.com/lit/gpn/mux506","MUX506IDWR","https://www.arrow.com/en/products/mux506idwr/texas-instruments?region=nac","MUX50x 36V, Low-Capacitance, Low-Charge-Injection, Precision, Analog Multiplexer","2.65","Texas Instruments","MUX506IDWR","595-MUX506IDWR","https://www.mouser.co.uk/ProductDetail/Texas-Instruments/MUX506IDWR?qs=7EBvPakHacVyv2nASLrMzg%3D%3D"
"","","IC10","MUX506IDWR","SamacSys_Parts:MUX506IDWR","SamacSys_Parts:SOIC127P1030X265-28N","http://www.ti.com/lit/gpn/mux506","MUX506IDWR","https://www.arrow.com/en/products/mux506idwr/texas-instruments?region=nac","MUX50x 36V, Low-Capacitance, Low-Charge-Injection, Precision, Analog Multiplexer","2.65","Texas Instruments","MUX506IDWR","595-MUX506IDWR","https://www.mouser.co.uk/ProductDetail/Texas-Instruments/MUX506IDWR?qs=7EBvPakHacVyv2nASLrMzg%3D%3D"
"","","IC11","MUX506IDWR","SamacSys_Parts:MUX506IDWR","SamacSys_Parts:SOIC127P1030X265-28N","http://www.ti.com/lit/gpn/mux506","MUX506IDWR","https://www.arrow.com/en/products/mux506idwr/texas-instruments?region=nac","MUX50x 36V, Low-Capacitance, Low-Charge-Injection, Precision, Analog Multiplexer","2.65","Texas Instruments","MUX506IDWR","595-MUX506IDWR","https://www.mouser.co.uk/ProductDetail/Texas-Instruments/MUX506IDWR?qs=7EBvPakHacVyv2nASLrMzg%3D%3D"
"","","IC12","MUX506IDWR","SamacSys_Parts:MUX506IDWR","SamacSys_Parts:SOIC127P1030X265-28N","http://www.ti.com/lit/gpn/mux506","MUX506IDWR","https://www.arrow.com/en/products/mux506idwr/texas-instruments?region=nac","MUX50x 36V, Low-Capacitance, Low-Charge-Injection, Precision, Analog Multiplexer","2.65","Texas Instruments","MUX506IDWR","595-MUX506IDWR","https://www.mouser.co.uk/ProductDetail/Texas-Instruments/MUX506IDWR?qs=7EBvPakHacVyv2nASLrMzg%3D%3D"
"","","IC13","MUX506IDWR","SamacSys_Parts:MUX506IDWR","SamacSys_Parts:SOIC127P1030X265-28N","http://www.ti.com/lit/gpn/mux506","MUX506IDWR","https://www.arrow.com/en/products/mux506idwr/texas-instruments?region=nac","MUX50x 36V, Low-Capacitance, Low-Charge-Injection, Precision, Analog Multiplexer","2.65","Texas Instruments","MUX506IDWR","595-MUX506IDWR","https://www.mouser.co.uk/ProductDetail/Texas-Instruments/MUX506IDWR?qs=7EBvPakHacVyv2nASLrMzg%3D%3D"
"","","IC14","MUX506IDWR","SamacSys_Parts:MUX506IDWR","SamacSys_Parts:SOIC127P1030X265-28N","http://www.ti.com/lit/gpn/mux506","MUX506IDWR","https://www.arrow.com/en/products/mux506idwr/texas-instruments?region=nac","MUX50x 36V, Low-Capacitance, Low-Charge-Injection, Precision, Analog Multiplexer","2.65","Texas Instruments","MUX506IDWR","595-MUX506IDWR","https://www.mouser.co.uk/ProductDetail/Texas-Instruments/MUX506IDWR?qs=7EBvPakHacVyv2nASLrMzg%3D%3D"
"","","IC15","MUX506IDWR","SamacSys_Parts:MUX506IDWR","SamacSys_Parts:SOIC127P1030X265-28N","http://www.ti.com/lit/gpn/mux506","MUX506IDWR","https://www.arrow.com/en/products/mux506idwr/texas-instruments?region=nac","MUX50x 36V, Low-Capacitance, Low-Charge-Injection, Precision, Analog Multiplexer","2.65","Texas Instruments","MUX506IDWR","595-MUX506IDWR","https://www.mouser.co.uk/ProductDetail/Texas-Instruments/MUX506IDWR?qs=7EBvPakHacVyv2nASLrMzg%3D%3D"
"","","IC16","MUX506IDWR","SamacSys_Parts:MUX506IDWR","SamacSys_Parts:SOIC127P1030X265-28N","http://www.ti.com/lit/gpn/mux506","MUX506IDWR","https://www.arrow.com/en/products/mux506idwr/texas-instruments?region=nac","MUX50x 36V, Low-Capacitance, Low-Charge-Injection, Precision, Analog Multiplexer","2.65","Texas Instruments","MUX506IDWR","595-MUX506IDWR","https://www.mouser.co.uk/ProductDetail/Texas-Instruments/MUX506IDWR?qs=7EBvPakHacVyv2nASLrMzg%3D%3D"
"","","IC17","TMUX6112PWR","SamacSys_Parts:TMUX6112PWR","SamacSys_Parts:SOP65P640X120-16N","http://www.ti.com/lit/ds/symlink/tmux6112.pdf","TMUX6112PWR","https://www.arrow.com/en/products/tmux6112pwr/texas-instruments?region=nac","Analog Switch ICs 36-V, Low Capacitance, Low-Leakage-Current, Precision, Quad SPST Switches (Normally Open) 16-TSSOP -40 to 125","1.2","Texas Instruments","TMUX6112PWR","595-TMUX6112PWR","https://www.mouser.co.uk/ProductDetail/Texas-Instruments/TMUX6112PWR?qs=lc2O%252BfHJPVapObCKrxF4jQ%3D%3D"
"","","IC18","TMUX6112PWR","SamacSys_Parts:TMUX6112PWR","SamacSys_Parts:SOP65P640X120-16N","http://www.ti.com/lit/ds/symlink/tmux6112.pdf","TMUX6112PWR","https://www.arrow.com/en/products/tmux6112pwr/texas-instruments?region=nac","Analog Switch ICs 36-V, Low Capacitance, Low-Leakage-Current, Precision, Quad SPST Switches (Normally Open) 16-TSSOP -40 to 125","1.2","Texas Instruments","TMUX6112PWR","595-TMUX6112PWR","https://www.mouser.co.uk/ProductDetail/Texas-Instruments/TMUX6112PWR?qs=lc2O%252BfHJPVapObCKrxF4jQ%3D%3D"
"","","IC19","TMUX6112PWR","SamacSys_Parts:TMUX6112PWR","SamacSys_Parts:SOP65P640X120-16N","http://www.ti.com/lit/ds/symlink/tmux6112.pdf","TMUX6112PWR","https://www.arrow.com/en/products/tmux6112pwr/texas-instruments?region=nac","Analog Switch ICs 36-V, Low Capacitance, Low-Leakage-Current, Precision, Quad SPST Switches (Normally Open) 16-TSSOP -40 to 125","1.2","Texas Instruments","TMUX6112PWR","595-TMUX6112PWR","https://www.mouser.co.uk/ProductDetail/Texas-Instruments/TMUX6112PWR?qs=lc2O%252BfHJPVapObCKrxF4jQ%3D%3D"
"","","IC20","TMUX6112PWR","SamacSys_Parts:TMUX6112PWR","SamacSys_Parts:SOP65P640X120-16N","http://www.ti.com/lit/ds/symlink/tmux6112.pdf","TMUX6112PWR","https://www.arrow.com/en/products/tmux6112pwr/texas-instruments?region=nac","Analog Switch ICs 36-V, Low Capacitance, Low-Leakage-Current, Precision, Quad SPST Switches (Normally Open) 16-TSSOP -40 to 125","1.2","Texas Instruments","TMUX6112PWR","595-TMUX6112PWR","https://www.mouser.co.uk/ProductDetail/Texas-Instruments/TMUX6112PWR?qs=lc2O%252BfHJPVapObCKrxF4jQ%3D%3D"
"","","IC21","TMUX6112PWR","SamacSys_Parts:TMUX6112PWR","SamacSys_Parts:SOP65P640X120-16N","http://www.ti.com/lit/ds/symlink/tmux6112.pdf","TMUX6112PWR","https://www.arrow.com/en/products/tmux6112pwr/texas-instruments?region=nac","Analog Switch ICs 36-V, Low Capacitance, Low-Leakage-Current, Precision, Quad SPST Switches (Normally Open) 16-TSSOP -40 to 125","1.2","Texas Instruments","TMUX6112PWR","595-TMUX6112PWR","https://www.mouser.co.uk/ProductDetail/Texas-Instruments/TMUX6112PWR?qs=lc2O%252BfHJPVapObCKrxF4jQ%3D%3D"
"","","IC22","1462039-4","SamacSys_Parts:1462039-4","SamacSys_Parts:14620394","https://www.te.com/commerce/DocumentDelivery/DDEController?Action=showdoc&DocId=Data+Sheet%7F108-98001%7FZ%7Fpdf%7FEnglish%7FENG_DS_108-98001_Z.pdf%7F1462039-4","1462039-4","https://www.arrow.com/en/products/1462039-4/te-connectivity?region=europe","General Purpose Relays IM13GR=IM RELAY 100MW 5V","5.65","TE Connectivity","1462039-4","655-1462039-4","https://www.mouser.co.uk/ProductDetail/TE-Connectivity-PB/1462039-4?qs=HrnbphAniACdk25612UMrw%3D%3D"
"","","IC23","1462039-4","SamacSys_Parts:1462039-4","SamacSys_Parts:14620394","https://www.te.com/commerce/DocumentDelivery/DDEController?Action=showdoc&DocId=Data+Sheet%7F108-98001%7FZ%7Fpdf%7FEnglish%7FENG_DS_108-98001_Z.pdf%7F1462039-4","1462039-4","https://www.arrow.com/en/products/1462039-4/te-connectivity?region=europe","General Purpose Relays IM13GR=IM RELAY 100MW 5V","5.65","TE Connectivity","1462039-4","655-1462039-4","https://www.mouser.co.uk/ProductDetail/TE-Connectivity-PB/1462039-4?qs=HrnbphAniACdk25612UMrw%3D%3D"
"","","IC24","1462039-4","SamacSys_Parts:1462039-4","SamacSys_Parts:14620394","https://www.te.com/commerce/DocumentDelivery/DDEController?Action=showdoc&DocId=Data+Sheet%7F108-98001%7FZ%7Fpdf%7FEnglish%7FENG_DS_108-98001_Z.pdf%7F1462039-4","1462039-4","https://www.arrow.com/en/products/1462039-4/te-connectivity?region=europe","General Purpose Relays IM13GR=IM RELAY 100MW 5V","5.65","TE Connectivity","1462039-4","655-1462039-4","https://www.mouser.co.uk/ProductDetail/TE-Connectivity-PB/1462039-4?qs=HrnbphAniACdk25612UMrw%3D%3D"
"","","IC25","1462039-4","SamacSys_Parts:1462039-4","SamacSys_Parts:14620394","https://www.te.com/commerce/DocumentDelivery/DDEController?Action=showdoc&DocId=Data+Sheet%7F108-98001%7FZ%7Fpdf%7FEnglish%7FENG_DS_108-98001_Z.pdf%7F1462039-4","1462039-4","https://www.arrow.com/en/products/1462039-4/te-connectivity?region=europe","General Purpose Relays IM13GR=IM RELAY 100MW 5V","5.65","TE Connectivity","1462039-4","655-1462039-4","https://www.mouser.co.uk/ProductDetail/TE-Connectivity-PB/1462039-4?qs=HrnbphAniACdk25612UMrw%3D%3D"
"","","IC27","1462039-4","SamacSys_Parts:1462039-4","SamacSys_Parts:14620394","https://www.te.com/commerce/DocumentDelivery/DDEController?Action=showdoc&DocId=Data+Sheet%7F108-98001%7FZ%7Fpdf%7FEnglish%7FENG_DS_108-98001_Z.pdf%7F1462039-4","1462039-4","https://www.arrow.com/en/products/1462039-4/te-connectivity?region=europe","General Purpose Relays IM13GR=IM RELAY 100MW 5V","5.65","TE Connectivity","1462039-4","655-1462039-4","https://www.mouser.co.uk/ProductDetail/TE-Connectivity-PB/1462039-4?qs=HrnbphAniACdk25612UMrw%3D%3D"
"","","J1","Conn_01x06","Connector_Generic:Conn_01x06","Connector_JST:JST_PH_B6B-PH-K_1x06_P2.00mm_Vertical","~","","","","","","","",""
"","","J2","Conn_01x10","Connector_Generic:Conn_01x10","Connector_JST:JST_PH_B10B-PH-K_1x10_P2.00mm_Vertical","~","","","","","","","",""
"","","J3","Conn_01x02","Connector_Generic:Conn_01x02","Connector_JST:JST_PH_B2B-PH-K_1x02_P2.00mm_Vertical","~","","","","","","","",""
"","","J_1","ACJS-MV-5","Aphenol:ACJS-MV-5","SamacSys_Parts:ACJSMV5","http://www.amphenolaudio.com/wp-content/uploads/2015/07/55010228000152_acjx-mv-x.pdf","","","Phone Connectors 1/4""VERT CHASIS CONN PLSTC","31.45","Amphenol","ACJS-MV-5","523-ACJS-MV-5","https://www.mouser.co.uk/ProductDetail/Amphenol-Audio/ACJS-MV-5?qs=c9RBuMmXG6JIOKwHTyIaMA%3D%3D"
"","","J_2","ACJS-MV-5","Aphenol:ACJS-MV-5","SamacSys_Parts:ACJSMV5","http://www.amphenolaudio.com/wp-content/uploads/2015/07/55010228000152_acjx-mv-x.pdf","","","Phone Connectors 1/4""VERT CHASIS CONN PLSTC","31.45","Amphenol","ACJS-MV-5","523-ACJS-MV-5","https://www.mouser.co.uk/ProductDetail/Amphenol-Audio/ACJS-MV-5?qs=c9RBuMmXG6JIOKwHTyIaMA%3D%3D"
"","","J_3","ACJS-MV-5","Aphenol:ACJS-MV-5","SamacSys_Parts:ACJSMV5","http://www.amphenolaudio.com/wp-content/uploads/2015/07/55010228000152_acjx-mv-x.pdf","","","Phone Connectors 1/4""VERT CHASIS CONN PLSTC","31.45","Amphenol","ACJS-MV-5","523-ACJS-MV-5","https://www.mouser.co.uk/ProductDetail/Amphenol-Audio/ACJS-MV-5?qs=c9RBuMmXG6JIOKwHTyIaMA%3D%3D"
"","","J_4","ACJS-MV-5","Aphenol:ACJS-MV-5","SamacSys_Parts:ACJSMV5","http://www.amphenolaudio.com/wp-content/uploads/2015/07/55010228000152_acjx-mv-x.pdf","","","Phone Connectors 1/4""VERT CHASIS CONN PLSTC","31.45","Amphenol","ACJS-MV-5","523-ACJS-MV-5","https://www.mouser.co.uk/ProductDetail/Amphenol-Audio/ACJS-MV-5?qs=c9RBuMmXG6JIOKwHTyIaMA%3D%3D"
"","","J_5","ACJS-MV-5","Aphenol:ACJS-MV-5","SamacSys_Parts:ACJSMV5","http://www.amphenolaudio.com/wp-content/uploads/2015/07/55010228000152_acjx-mv-x.pdf","","","Phone Connectors 1/4""VERT CHASIS CONN PLSTC","31.45","Amphenol","ACJS-MV-5","523-ACJS-MV-5","https://www.mouser.co.uk/ProductDetail/Amphenol-Audio/ACJS-MV-5?qs=c9RBuMmXG6JIOKwHTyIaMA%3D%3D"
"","","J_6","ACJS-MV-5","Aphenol:ACJS-MV-5","SamacSys_Parts:ACJSMV5","http://www.amphenolaudio.com/wp-content/uploads/2015/07/55010228000152_acjx-mv-x.pdf","","","Phone Connectors 1/4""VERT CHASIS CONN PLSTC","31.45","Amphenol","ACJS-MV-5","523-ACJS-MV-5","https://www.mouser.co.uk/ProductDetail/Amphenol-Audio/ACJS-MV-5?qs=c9RBuMmXG6JIOKwHTyIaMA%3D%3D"
"","","J_7","ACJS-MV-5","Aphenol:ACJS-MV-5","SamacSys_Parts:ACJSMV5","http://www.amphenolaudio.com/wp-content/uploads/2015/07/55010228000152_acjx-mv-x.pdf","","","Phone Connectors 1/4""VERT CHASIS CONN PLSTC","31.45","Amphenol","ACJS-MV-5","523-ACJS-MV-5","https://www.mouser.co.uk/ProductDetail/Amphenol-Audio/ACJS-MV-5?qs=c9RBuMmXG6JIOKwHTyIaMA%3D%3D"
"","","J_8","ACJS-MV-5","Aphenol:ACJS-MV-5","SamacSys_Parts:ACJSMV5","http://www.amphenolaudio.com/wp-content/uploads/2015/07/55010228000152_acjx-mv-x.pdf","","","Phone Connectors 1/4""VERT CHASIS CONN PLSTC","31.45","Amphenol","ACJS-MV-5","523-ACJS-MV-5","https://www.mouser.co.uk/ProductDetail/Amphenol-Audio/ACJS-MV-5?qs=c9RBuMmXG6JIOKwHTyIaMA%3D%3D"
"","","J_Return1","ACJS-MV-5","Aphenol:ACJS-MV-5","SamacSys_Parts:ACJSMV5","http://www.amphenolaudio.com/wp-content/uploads/2015/07/55010228000152_acjx-mv-x.pdf","","","Phone Connectors 1/4""VERT CHASIS CONN PLSTC","31.45","Amphenol","ACJS-MV-5","523-ACJS-MV-5","https://www.mouser.co.uk/ProductDetail/Amphenol-Audio/ACJS-MV-5?qs=c9RBuMmXG6JIOKwHTyIaMA%3D%3D"
"","","J_Return2","ACJS-MV-5","Aphenol:ACJS-MV-5","SamacSys_Parts:ACJSMV5","http://www.amphenolaudio.com/wp-content/uploads/2015/07/55010228000152_acjx-mv-x.pdf","","","Phone Connectors 1/4""VERT CHASIS CONN PLSTC","31.45","Amphenol","ACJS-MV-5","523-ACJS-MV-5","https://www.mouser.co.uk/ProductDetail/Amphenol-Audio/ACJS-MV-5?qs=c9RBuMmXG6JIOKwHTyIaMA%3D%3D"
"","","J_Return3","ACJS-MV-5","Aphenol:ACJS-MV-5","SamacSys_Parts:ACJSMV5","http://www.amphenolaudio.com/wp-content/uploads/2015/07/55010228000152_acjx-mv-x.pdf","","","Phone Connectors 1/4""VERT CHASIS CONN PLSTC","31.45","Amphenol","ACJS-MV-5","523-ACJS-MV-5","https://www.mouser.co.uk/ProductDetail/Amphenol-Audio/ACJS-MV-5?qs=c9RBuMmXG6JIOKwHTyIaMA%3D%3D"
"","","J_Return4","ACJS-MV-5","Aphenol:ACJS-MV-5","SamacSys_Parts:ACJSMV5","http://www.amphenolaudio.com/wp-content/uploads/2015/07/55010228000152_acjx-mv-x.pdf","","","Phone Connectors 1/4""VERT CHASIS CONN PLSTC","31.45","Amphenol","ACJS-MV-5","523-ACJS-MV-5","https://www.mouser.co.uk/ProductDetail/Amphenol-Audio/ACJS-MV-5?qs=c9RBuMmXG6JIOKwHTyIaMA%3D%3D"
"","","J_Return5","ACJS-MV-5","Aphenol:ACJS-MV-5","SamacSys_Parts:ACJSMV5","http://www.amphenolaudio.com/wp-content/uploads/2015/07/55010228000152_acjx-mv-x.pdf","","","Phone Connectors 1/4""VERT CHASIS CONN PLSTC","31.45","Amphenol","ACJS-MV-5","523-ACJS-MV-5","https://www.mouser.co.uk/ProductDetail/Amphenol-Audio/ACJS-MV-5?qs=c9RBuMmXG6JIOKwHTyIaMA%3D%3D"
"","","J_Return6","ACJS-MV-5","Aphenol:ACJS-MV-5","SamacSys_Parts:ACJSMV5","http://www.amphenolaudio.com/wp-content/uploads/2015/07/55010228000152_acjx-mv-x.pdf","","","Phone Connectors 1/4""VERT CHASIS CONN PLSTC","31.45","Amphenol","ACJS-MV-5","523-ACJS-MV-5","https://www.mouser.co.uk/ProductDetail/Amphenol-Audio/ACJS-MV-5?qs=c9RBuMmXG6JIOKwHTyIaMA%3D%3D"
"","","J_Return7","ACJS-MV-5","Aphenol:ACJS-MV-5","SamacSys_Parts:ACJSMV5","http://www.amphenolaudio.com/wp-content/uploads/2015/07/55010228000152_acjx-mv-x.pdf","","","Phone Connectors 1/4""VERT CHASIS CONN PLSTC","31.45","Amphenol","ACJS-MV-5","523-ACJS-MV-5","https://www.mouser.co.uk/ProductDetail/Amphenol-Audio/ACJS-MV-5?qs=c9RBuMmXG6JIOKwHTyIaMA%3D%3D"
"","","J_Return8","ACJS-MV-5","Aphenol:ACJS-MV-5","SamacSys_Parts:ACJSMV5","http://www.amphenolaudio.com/wp-content/uploads/2015/07/55010228000152_acjx-mv-x.pdf","","","Phone Connectors 1/4""VERT CHASIS CONN PLSTC","31.45","Amphenol","ACJS-MV-5","523-ACJS-MV-5","https://www.mouser.co.uk/ProductDetail/Amphenol-Audio/ACJS-MV-5?qs=c9RBuMmXG6JIOKwHTyIaMA%3D%3D"
"","","J_Return9","ACJS-MV-5","Aphenol:ACJS-MV-5","SamacSys_Parts:ACJSMV5","http://www.amphenolaudio.com/wp-content/uploads/2015/07/55010228000152_acjx-mv-x.pdf","","","Phone Connectors 1/4""VERT CHASIS CONN PLSTC","31.45","Amphenol","ACJS-MV-5","523-ACJS-MV-5","https://www.mouser.co.uk/ProductDetail/Amphenol-Audio/ACJS-MV-5?qs=c9RBuMmXG6JIOKwHTyIaMA%3D%3D"
"","","J_Return10","ACJS-MV-5","Aphenol:ACJS-MV-5","SamacSys_Parts:ACJSMV5","http://www.amphenolaudio.com/wp-content/uploads/2015/07/55010228000152_acjx-mv-x.pdf","","","Phone Connectors 1/4""VERT CHASIS CONN PLSTC","31.45","Amphenol","ACJS-MV-5","523-ACJS-MV-5","https://www.mouser.co.uk/ProductDetail/Amphenol-Audio/ACJS-MV-5?qs=c9RBuMmXG6JIOKwHTyIaMA%3D%3D"
"","","J_Send1","ACJS-MV-5","Aphenol:ACJS-MV-5","SamacSys_Parts:ACJSMV5","http://www.amphenolaudio.com/wp-content/uploads/2015/07/55010228000152_acjx-mv-x.pdf","","","Phone Connectors 1/4""VERT CHASIS CONN PLSTC","31.45","Amphenol","ACJS-MV-5","523-ACJS-MV-5","https://www.mouser.co.uk/ProductDetail/Amphenol-Audio/ACJS-MV-5?qs=c9RBuMmXG6JIOKwHTyIaMA%3D%3D"
"","","J_Send2","ACJS-MV-5","Aphenol:ACJS-MV-5","SamacSys_Parts:ACJSMV5","http://www.amphenolaudio.com/wp-content/uploads/2015/07/55010228000152_acjx-mv-x.pdf","","","Phone Connectors 1/4""VERT CHASIS CONN PLSTC","31.45","Amphenol","ACJS-MV-5","523-ACJS-MV-5","https://www.mouser.co.uk/ProductDetail/Amphenol-Audio/ACJS-MV-5?qs=c9RBuMmXG6JIOKwHTyIaMA%3D%3D"
"","","J_Send3","ACJS-MV-5","Aphenol:ACJS-MV-5","SamacSys_Parts:ACJSMV5","http://www.amphenolaudio.com/wp-content/uploads/2015/07/55010228000152_acjx-mv-x.pdf","","","Phone Connectors 1/4""VERT CHASIS CONN PLSTC","31.45","Amphenol","ACJS-MV-5","523-ACJS-MV-5","https://www.mouser.co.uk/ProductDetail/Amphenol-Audio/ACJS-MV-5?qs=c9RBuMmXG6JIOKwHTyIaMA%3D%3D"
"","","J_Send4","ACJS-MV-5","Aphenol:ACJS-MV-5","SamacSys_Parts:ACJSMV5","http://www.amphenolaudio.com/wp-content/uploads/2015/07/55010228000152_acjx-mv-x.pdf","","","Phone Connectors 1/4""VERT CHASIS CONN PLSTC","31.45","Amphenol","ACJS-MV-5","523-ACJS-MV-5","https://www.mouser.co.uk/ProductDetail/Amphenol-Audio/ACJS-MV-5?qs=c9RBuMmXG6JIOKwHTyIaMA%3D%3D"
"","","J_Send5","ACJS-MV-5","Aphenol:ACJS-MV-5","SamacSys_Parts:ACJSMV5","http://www.amphenolaudio.com/wp-content/uploads/2015/07/55010228000152_acjx-mv-x.pdf","","","Phone Connectors 1/4""VERT CHASIS CONN PLSTC","31.45","Amphenol","ACJS-MV-5","523-ACJS-MV-5","https://www.mouser.co.uk/ProductDetail/Amphenol-Audio/ACJS-MV-5?qs=c9RBuMmXG6JIOKwHTyIaMA%3D%3D"
"","","J_Send6","ACJS-MV-5","Aphenol:ACJS-MV-5","SamacSys_Parts:ACJSMV5","http://www.amphenolaudio.com/wp-content/uploads/2015/07/55010228000152_acjx-mv-x.pdf","","","Phone Connectors 1/4""VERT CHASIS CONN PLSTC","31.45","Amphenol","ACJS-MV-5","523-ACJS-MV-5","https://www.mouser.co.uk/ProductDetail/Amphenol-Audio/ACJS-MV-5?qs=c9RBuMmXG6JIOKwHTyIaMA%3D%3D"
"","","J_Send7","ACJS-MV-5","Aphenol:ACJS-MV-5","SamacSys_Parts:ACJSMV5","http://www.amphenolaudio.com/wp-content/uploads/2015/07/55010228000152_acjx-mv-x.pdf","","","Phone Connectors 1/4""VERT CHASIS CONN PLSTC","31.45","Amphenol","ACJS-MV-5","523-ACJS-MV-5","https://www.mouser.co.uk/ProductDetail/Amphenol-Audio/ACJS-MV-5?qs=c9RBuMmXG6JIOKwHTyIaMA%3D%3D"
"","","J_Send8","ACJS-MV-5","Aphenol:ACJS-MV-5","SamacSys_Parts:ACJSMV5","http://www.amphenolaudio.com/wp-content/uploads/2015/07/55010228000152_acjx-mv-x.pdf","","","Phone Connectors 1/4""VERT CHASIS CONN PLSTC","31.45","Amphenol","ACJS-MV-5","523-ACJS-MV-5","https://www.mouser.co.uk/ProductDetail/Amphenol-Audio/ACJS-MV-5?qs=c9RBuMmXG6JIOKwHTyIaMA%3D%3D"
"","","J_Send9","ACJS-MV-5","Aphenol:ACJS-MV-5","SamacSys_Parts:ACJSMV5","http://www.amphenolaudio.com/wp-content/uploads/2015/07/55010228000152_acjx-mv-x.pdf","","","Phone Connectors 1/4""VERT CHASIS CONN PLSTC","31.45","Amphenol","ACJS-MV-5","523-ACJS-MV-5","https://www.mouser.co.uk/ProductDetail/Amphenol-Audio/ACJS-MV-5?qs=c9RBuMmXG6JIOKwHTyIaMA%3D%3D"
"","","J_Send10","ACJS-MV-5","Aphenol:ACJS-MV-5","SamacSys_Parts:ACJSMV5","http://www.amphenolaudio.com/wp-content/uploads/2015/07/55010228000152_acjx-mv-x.pdf","","","Phone Connectors 1/4""VERT CHASIS CONN PLSTC","31.45","Amphenol","ACJS-MV-5","523-ACJS-MV-5","https://www.mouser.co.uk/ProductDetail/Amphenol-Audio/ACJS-MV-5?qs=c9RBuMmXG6JIOKwHTyIaMA%3D%3D"
"","","Q1","2N7002","Transistor_FET:2N7002","Package_TO_SOT_SMD:SOT-23","https://www.onsemi.com/pub/Collateral/NDS7002A-D.PDF","","","","","","","",""
"","","Q2","2N7002","Transistor_FET:2N7002","Package_TO_SOT_SMD:SOT-23","https://www.onsemi.com/pub/Collateral/NDS7002A-D.PDF","","","","","","","",""
"","","Q3","2N7002","Transistor_FET:2N7002","Package_TO_SOT_SMD:SOT-23","https://www.onsemi.com/pub/Collateral/NDS7002A-D.PDF","","","","","","","",""
"","","Q4","2N7002","Transistor_FET:2N7002","Package_TO_SOT_SMD:SOT-23","https://www.onsemi.com/pub/Collateral/NDS7002A-D.PDF","","","","","","","",""
"","","Q5","2N7002","Transistor_FET:2N7002","Package_TO_SOT_SMD:SOT-23","https://www.onsemi.com/pub/Collateral/NDS7002A-D.PDF","","","","","","","",""
"","","R1","33k","Device:R","Resistor_SMD:R_1206_3216Metric_Pad1.30x1.75mm_HandSolder","~","","","","","","","",""
"","","R2","33k","Device:R","Resistor_SMD:R_1206_3216Metric_Pad1.30x1.75mm_HandSolder","~","","","","","","","",""
"","","R3","33k","Device:R","Resistor_SMD:R_1206_3216Metric_Pad1.30x1.75mm_HandSolder","~","","","","","","","",""
"","","R4","33k","Device:R","Resistor_SMD:R_1206_3216Metric_Pad1.30x1.75mm_HandSolder","~","","","","","","","",""
"","","R5","33k","Device:R","Resistor_SMD:R_1206_3216Metric_Pad1.30x1.75mm_HandSolder","~","","","","","","","",""
"","","R6","33k","Device:R","Resistor_SMD:R_1206_3216Metric_Pad1.30x1.75mm_HandSolder","~","","","","","","","",""
"","","R7","33k","Device:R","Resistor_SMD:R_1206_3216Metric_Pad1.30x1.75mm_HandSolder","~","","","","","","","",""
"","","R8","33k","Device:R","Resistor_SMD:R_1206_3216Metric_Pad1.30x1.75mm_HandSolder","~","","","","","","","",""
"","","R9","100k","Device:R","Resistor_SMD:R_1206_3216Metric_Pad1.30x1.75mm_HandSolder","~","","","","","","","",""
"","","R10","100k","Device:R","Resistor_SMD:R_1206_3216Metric_Pad1.30x1.75mm_HandSolder","~","","","","","","","",""
"","","R11","100k","Device:R","Resistor_SMD:R_1206_3216Metric_Pad1.30x1.75mm_HandSolder","~","","","","","","","",""
"","","R12","100k","Device:R","Resistor_SMD:R_1206_3216Metric_Pad1.30x1.75mm_HandSolder","~","","","","","","","",""
"","","R13","100k","Device:R","Resistor_SMD:R_1206_3216Metric_Pad1.30x1.75mm_HandSolder","~","","","","","","","",""
"","","R14","100k","Device:R","Resistor_SMD:R_1206_3216Metric_Pad1.30x1.75mm_HandSolder","~","","","","","","","",""
"","","R15","100k","Device:R","Resistor_SMD:R_1206_3216Metric_Pad1.30x1.75mm_HandSolder","~","","","","","","","",""
"","","R16","100k","Device:R","Resistor_SMD:R_1206_3216Metric_Pad1.30x1.75mm_HandSolder","~","","","","","","","",""
"","","R17","100k","Device:R","Resistor_SMD:R_1206_3216Metric_Pad1.30x1.75mm_HandSolder","~","","","","","","","",""
"","","R18","100k","Device:R","Resistor_SMD:R_1206_3216Metric_Pad1.30x1.75mm_HandSolder","~","","","","","","","",""
"","","R19","100k","Device:R","Resistor_SMD:R_1206_3216Metric_Pad1.30x1.75mm_HandSolder","~","","","","","","","",""
"","","R20","100k","Device:R","Resistor_SMD:R_1206_3216Metric_Pad1.30x1.75mm_HandSolder","~","","","","","","","",""
"","","R21","2.35k","Device:R","Resistor_SMD:R_1206_3216Metric_Pad1.30x1.75mm_HandSolder","~","","","","","","","",""
"","","R22","4.7M","Device:R","Resistor_SMD:R_1206_3216Metric_Pad1.30x1.75mm_HandSolder","~","","","","","","","",""
"","","R23","4.7M","Device:R","Resistor_SMD:R_1206_3216Metric_Pad1.30x1.75mm_HandSolder","~","","","","","","","",""
"","","R24","4.7M","Device:R","Resistor_SMD:R_1206_3216Metric_Pad1.30x1.75mm_HandSolder","~","","","","","","","",""
"","","R25","4.7M","Device:R","Resistor_SMD:R_1206_3216Metric_Pad1.30x1.75mm_HandSolder","~","","","","","","","",""
"","","R26","4.7M","Device:R","Resistor_SMD:R_1206_3216Metric_Pad1.30x1.75mm_HandSolder","~","","","","","","","",""
"","","R27","4.7M","Device:R","Resistor_SMD:R_1206_3216Metric_Pad1.30x1.75mm_HandSolder","~","","","","","","","",""
"","","R28","4.7M","Device:R","Resistor_SMD:R_1206_3216Metric_Pad1.30x1.75mm_HandSolder","~","","","","","","","",""
"","","R29","4.7M","Device:R","Resistor_SMD:R_1206_3216Metric_Pad1.30x1.75mm_HandSolder","~","","","","","","","",""
"","","R30","100","Device:R","Resistor_SMD:R_1206_3216Metric_Pad1.30x1.75mm_HandSolder","~","","","","","","","",""
"","","R31","100","Device:R","Resistor_SMD:R_1206_3216Metric_Pad1.30x1.75mm_HandSolder","~","","","","","","","",""
"","","R32","100k","Device:R","Resistor_SMD:R_1206_3216Metric_Pad1.30x1.75mm_HandSolder","~","","","","","","","",""
"","","R33","100k","Device:R","Resistor_SMD:R_1206_3216Metric_Pad1.30x1.75mm_HandSolder","~","","","","","","","",""
"","","R34","4.7M","Device:R","Resistor_SMD:R_1206_3216Metric_Pad1.30x1.75mm_HandSolder","~","","","","","","","",""
"","","R35","4.7M","Device:R","Resistor_SMD:R_1206_3216Metric_Pad1.30x1.75mm_HandSolder","~","","","","","","","",""
"","","R36","100k","Device:R","Resistor_SMD:R_1206_3216Metric_Pad1.30x1.75mm_HandSolder","~","","","","","","","",""
"","","R37","100k","Device:R","Resistor_SMD:R_1206_3216Metric_Pad1.30x1.75mm_HandSolder","~","","","","","","","",""
"","","R38","100k","Device:R","Resistor_SMD:R_1206_3216Metric_Pad1.30x1.75mm_HandSolder","~","","","","","","","",""
"","","R39","100k","Device:R","Resistor_SMD:R_1206_3216Metric_Pad1.30x1.75mm_HandSolder","~","","","","","","","",""
"","","R40","100","Device:R","Resistor_SMD:R_1206_3216Metric_Pad1.30x1.75mm_HandSolder","~","","","","","","","",""
"","","R41","100k","Device:R","Resistor_SMD:R_1206_3216Metric_Pad1.30x1.75mm_HandSolder","~","","","","","","","",""
"","","R42","10M","Device:R","Resistor_SMD:R_1206_3216Metric_Pad1.30x1.75mm_HandSolder","~","","","","","","","",""
"","","R43","100","Device:R","Resistor_SMD:R_1206_3216Metric_Pad1.30x1.75mm_HandSolder","~","","","","","","","",""
"","","R44","100k","Device:R","Resistor_SMD:R_1206_3216Metric_Pad1.30x1.75mm_HandSolder","~","","","","","","","",""
"","","R45","10k","Device:R","Resistor_SMD:R_1206_3216Metric_Pad1.30x1.75mm_HandSolder","~","","","","","","","",""
"","","R46","20k","Device:R","Resistor_SMD:R_1206_3216Metric_Pad1.30x1.75mm_HandSolder","~","","","","","","","",""
"","","R47","20k","Device:R","Resistor_SMD:R_1206_3216Metric_Pad1.30x1.75mm_HandSolder","~","","","","","","","",""
"","","R48","100k","Device:R","Resistor_SMD:R_1206_3216Metric_Pad1.30x1.75mm_HandSolder","~","","","","","","","",""
"","","R49","100k","Device:R","Resistor_SMD:R_1206_3216Metric_Pad1.30x1.75mm_HandSolder","~","","","","","","","",""
"","","R50","100k","Device:R","Resistor_SMD:R_1206_3216Metric_Pad1.30x1.75mm_HandSolder","~","","","","","","","",""
"","","R51","100k","Device:R","Resistor_SMD:R_1206_3216Metric_Pad1.30x1.75mm_HandSolder","~","","","","","","","",""
"","","R52","100k","Device:R","Resistor_SMD:R_1206_3216Metric_Pad1.30x1.75mm_HandSolder","~","","","","","","","",""
"","","R53","100k","Device:R","Resistor_SMD:R_1206_3216Metric_Pad1.30x1.75mm_HandSolder","~","","","","","","","",""
"","","R54","100k","Device:R","Resistor_SMD:R_1206_3216Metric_Pad1.30x1.75mm_HandSolder","~","","","","","","","",""
"","","R55","100k","Device:R","Resistor_SMD:R_1206_3216Metric_Pad1.30x1.75mm_HandSolder","~","","","","","","","",""
"","","R56","20k","Device:R","Resistor_SMD:R_1206_3216Metric_Pad1.30x1.75mm_HandSolder","~","","","","","","","",""
"","","R57","20k","Device:R","Resistor_SMD:R_1206_3216Metric_Pad1.30x1.75mm_HandSolder","~","","","","","","","",""
"","","R58","20k","Device:R","Resistor_SMD:R_1206_3216Metric_Pad1.30x1.75mm_HandSolder","~","","","","","","","",""
"","","R59","20k","Device:R","Resistor_SMD:R_1206_3216Metric_Pad1.30x1.75mm_HandSolder","~","","","","","","","",""
"","","R60","20k","Device:R","Resistor_SMD:R_1206_3216Metric_Pad1.30x1.75mm_HandSolder","~","","","","","","","",""
"","","R61","10k","Device:R","Resistor_SMD:R_1206_3216Metric_Pad1.30x1.75mm_HandSolder","~","","","","","","","",""
"","","T1","Lehle_MZ_P","Device:Transformer_1P_SS","Lehle_Transformer:Lehle_MZ_P","~","","","","","","","",""
"","","U1","74HC595","74xx:74HC595","SamacSys_Parts:SOIC127P600X175-16N","http://www.ti.com/lit/ds/symlink/sn74hc595.pdf","","","","","","","",""
"","","U2","74HC595","74xx:74HC595","SamacSys_Parts:SOIC127P600X175-16N","http://www.ti.com/lit/ds/symlink/sn74hc595.pdf","","","","","","","",""
"","","U3","74HC595","74xx:74HC595","SamacSys_Parts:SOIC127P600X175-16N","http://www.ti.com/lit/ds/symlink/sn74hc595.pdf","","","","","","","",""
"","","U4","74HC595","74xx:74HC595","SamacSys_Parts:SOIC127P600X175-16N","http://www.ti.com/lit/ds/symlink/sn74hc595.pdf","","","","","","","",""
"","","U5","74HC595","74xx:74HC595","SamacSys_Parts:SOIC127P600X175-16N","http://www.ti.com/lit/ds/symlink/sn74hc595.pdf","","","","","","","",""
"","","U6","74HC595","74xx:74HC595","SamacSys_Parts:SOIC127P600X175-16N","http://www.ti.com/lit/ds/symlink/sn74hc595.pdf","","","","","","","",""
"","","U7","74HC595","74xx:74HC595","SamacSys_Parts:SOIC127P600X175-16N","http://www.ti.com/lit/ds/symlink/sn74hc595.pdf","","","","","","","",""
"","","U8","74HC595","74xx:74HC595","SamacSys_Parts:SOIC127P600X175-16N","http://www.ti.com/lit/ds/symlink/sn74hc595.pdf","","","","","","","",""
"","","U9","TL074","Amplifier_Operational:TL074","SamacSys_Parts:SOIC127P600X175-14N","http://www.ti.com/lit/ds/symlink/tl071.pdf","","","","","","","",""
"","","U10","TL072","Amplifier_Operational:TL072","SamacSys_Parts:SOIC127P600X175-8N","http://www.ti.com/lit/ds/symlink/tl071.pdf","","","","","","","",""
"","","U11","74HC595","74xx:74HC595","SamacSys_Parts:SOIC127P600X175-16N","http://www.ti.com/lit/ds/symlink/sn74hc595.pdf","","","","","","","",""
"","","U12","TL072","Amplifier_Operational:TL072","SamacSys_Parts:SOIC127P600X175-8N","http://www.ti.com/lit/ds/symlink/tl071.pdf","","","","","","","",""
"","","U13","TL072","Amplifier_Operational:TL072","SamacSys_Parts:SOIC127P600X175-8N","http://www.ti.com/lit/ds/symlink/tl071.pdf","","","","","","","",""
"","","U14","MCP23009-E_SO","SamacSys_Parts:MCP23009-E_SO","SamacSys_Parts:SOIC127P1030X265-18N","http://ww1.microchip.com/downloads/en/DeviceDoc/20002121C.pdf","MCP23009-E/SO","https://www.arrow.com/en/products/mcp23009-eso/microchip-technology?region=nac","8-bit Input/Output Expander, I2C","2.65","Microchip","MCP23009-E/SO","579-MCP23009-E/SO","https://www.mouser.co.uk/ProductDetail/Microchip-Technology/MCP23009-E-SO?qs=WqWCsLCZBkrVROuSvxwQ1Q%3D%3D"
"","","U15","MCP23009-E_SO","SamacSys_Parts:MCP23009-E_SO","SamacSys_Parts:SOIC127P1030X265-18N","http://ww1.microchip.com/downloads/en/DeviceDoc/20002121C.pdf","MCP23009-E/SO","https://www.arrow.com/en/products/mcp23009-eso/microchip-technology?region=nac","8-bit Input/Output Expander, I2C","2.65","Microchip","MCP23009-E/SO","579-MCP23009-E/SO","https://www.mouser.co.uk/ProductDetail/Microchip-Technology/MCP23009-E-SO?qs=WqWCsLCZBkrVROuSvxwQ1Q%3D%3D"
"","","U16","MCP23009-E_SO","SamacSys_Parts:MCP23009-E_SO","SamacSys_Parts:SOIC127P1030X265-18N","http://ww1.microchip.com/downloads/en/DeviceDoc/20002121C.pdf","MCP23009-E/SO","https://www.arrow.com/en/products/mcp23009-eso/microchip-technology?region=nac","8-bit Input/Output Expander, I2C","2.65","Microchip","MCP23009-E/SO","579-MCP23009-E/SO","https://www.mouser.co.uk/ProductDetail/Microchip-Technology/MCP23009-E-SO?qs=WqWCsLCZBkrVROuSvxwQ1Q%3D%3D"
"","","U17","74HC595","74xx:74HC595","SamacSys_Parts:SOIC127P600X175-16N","http://www.ti.com/lit/ds/symlink/sn74hc595.pdf","","","","","","","",""
"","","U18","TL074","Amplifier_Operational:TL074","SamacSys_Parts:SOIC127P600X175-14N","http://www.ti.com/lit/ds/symlink/tl071.pdf","","","","","","","",""



"Collated Components:"

"Item","Qty","Reference(s)","Value","LibPart","Footprint","Datasheet","Arrow Part Number","Arrow Price/Stock","Description","Height","Manufacturer_Name","Manufacturer_Part_Number","Mouser Part Number","Mouser Price/Stock"
"1","59","C1, C2, C3, C4, C13, C14, C17, C18, C21, C22, C23, C24, C25, C_Spl1, C_Spl2, C_Spl3, C_Spl7, C_U1, C_U2, C_U3, C_U4, C_U5, C_U6, C_U7, C_U8, C_U9, C_U11, C_VDD_IC1, C_VDD_IC2, C_VDD_IC3, C_VDD_IC4, C_VDD_IC5, C_VDD_IC6, C_VDD_IC7, C_VDD_IC8, C_VDD_IC9, C_VDD_IC10, C_VDD_IC11, C_VDD_IC12, C_VDD_IC13, C_VDD_IC14, C_VDD_IC15, C_VDD_IC16, C_VSS_IC1, C_VSS_IC2, C_VSS_IC3, C_VSS_IC4, C_VSS_IC5, C_VSS_IC6, C_VSS_IC7, C_VSS_IC8, C_VSS_IC9, C_VSS_IC10, C_VSS_IC11, C_VSS_IC12, C_VSS_IC13, C_VSS_IC14, C_VSS_IC15, C_VSS_IC16","100n","Device:C","Capacitor_SMD:C_1206_3216Metric_Pad1.33x1.80mm_HandSolder","~","","","","","","","",""
"2","1","C5","2.2n","Device:C","Capacitor_SMD:C_1206_3216Metric_Pad1.33x1.80mm_HandSolder","~","","","","","","","",""
"3","5","C6, C7, C8, C9, C12","22n","Device:C","Capacitor_SMD:C_1206_3216Metric_Pad1.33x1.80mm_HandSolder","~","","","","","","","",""
"4","4","C10, C11, C15, C16","1u","Device:C","Capacitor_SMD:C_1206_3216Metric_Pad1.33x1.80mm_HandSolder","~","","","","","","","",""
"5","4","C_Spl4, C_Spl5, C_Spl6, C_Spl8","10u","Device:C_Polarized","Capacitor_SMD:C_Elec_4x5.4","~","","","","","","","",""
"6","5","D1, D2, D3, D4, D5","1N4148","Diode:1N4148","Diode_SMD:D_SOD-123","https://assets.nexperia.com/documents/data-sheet/1N4148_1N4448.pdf","","","","","","","",""
"7","2","H1, H2","MountingHole","Mechanical:MountingHole","MountingHole:MountingHole_3.2mm_M3","~","","","","","","","",""
"8","16","IC1, IC2, IC3, IC4, IC5, IC6, IC7, IC8, IC9, IC10, IC11, IC12, IC13, IC14, IC15, IC16","MUX506IDWR","SamacSys_Parts:MUX506IDWR","SamacSys_Parts:SOIC127P1030X265-28N","http://www.ti.com/lit/gpn/mux506","MUX506IDWR","https://www.arrow.com/en/products/mux506idwr/texas-instruments?region=nac","MUX50x 36V, Low-Capacitance, Low-Charge-Injection, Precision, Analog Multiplexer","2.65","Texas Instruments","MUX506IDWR","595-MUX506IDWR","https://www.mouser.co.uk/ProductDetail/Texas-Instruments/MUX506IDWR?qs=7EBvPakHacVyv2nASLrMzg%3D%3D"
"9","5","IC17, IC18, IC19, IC20, IC21","TMUX6112PWR","SamacSys_Parts:TMUX6112PWR","SamacSys_Parts:SOP65P640X120-16N","http://www.ti.com/lit/ds/symlink/tmux6112.pdf","TMUX6112PWR","https://www.arrow.com/en/products/tmux6112pwr/texas-instruments?region=nac","Analog Switch ICs 36-V, Low Capacitance, Low-Leakage-Current, Precision, Quad SPST Switches (Normally Open) 16-TSSOP -40 to 125","1.2","Texas Instruments","TMUX6112PWR","595-TMUX6112PWR","https://www.mouser.co.uk/ProductDetail/Texas-Instruments/TMUX6112PWR?qs=lc2O%252BfHJPVapObCKrxF4jQ%3D%3D"
"10","5","IC22, IC23, IC24, IC25, IC27","1462039-4","SamacSys_Parts:1462039-4","SamacSys_Parts:14620394","https://www.te.com/commerce/DocumentDelivery/DDEController?Action=showdoc&DocId=Data+Sheet%7F108-98001%7FZ%7Fpdf%7FEnglish%7FENG_DS_108-98001_Z.pdf%7F1462039-4","1462039-4","https://www.arrow.com/en/products/1462039-4/te-connectivity?region=europe","General Purpose Relays IM13GR=IM RELAY 100MW 5V","5.65","TE Connectivity","1462039-4","655-1462039-4","https://www.mouser.co.uk/ProductDetail/TE-Connectivity-PB/1462039-4?qs=HrnbphAniACdk25612UMrw%3D%3D"
"11","1","J1","Conn_01x06","Connector_Generic:Conn_01x06","Connector_JST:JST_PH_B6B-PH-K_1x06_P2.00mm_Vertical","~","","","","","","","",""
"12","1","J2","Conn_01x10","Connector_Generic:Conn_01x10","Connector_JST:JST_PH_B10B-PH-K_1x10_P2.00mm_Vertical","~","","","","","","","",""
"13","1","J3","Conn_01x02","Connector_Generic:Conn_01x02","Connector_JST:JST_PH_B2B-PH-K_1x02_P2.00mm_Vertical","~","","","","","","","",""
"14","28","J_1, J_2, J_3, J_4, J_5, J_6, J_7, J_8, J_Return1, J_Return2, J_Return3, J_Return4, J_Return5, J_Return6, J_Return7, J_Return8, J_Return9, J_Return10, J_Send1, J_Send2, J_Send3, J_Send4, J_Send5, J_Send6, J_Send7, J_Send8, J_Send9, J_Send10","ACJS-MV-5","Aphenol:ACJS-MV-5","SamacSys_Parts:ACJSMV5","http://www.amphenolaudio.com/wp-content/uploads/2015/07/55010228000152_acjx-mv-x.pdf","","","Phone Connectors 1/4""VERT CHASIS CONN PLSTC","31.45","Amphenol","ACJS-MV-5","523-ACJS-MV-5","https://www.mouser.co.uk/ProductDetail/Amphenol-Audio/ACJS-MV-5?qs=c9RBuMmXG6JIOKwHTyIaMA%3D%3D"
"15","5","Q1, Q2, Q3, Q4, Q5","2N7002","Transistor_FET:2N7002","Package_TO_SOT_SMD:SOT-23","https://www.onsemi.com/pub/Collateral/NDS7002A-D.PDF","","","","","","","",""
"16","8","R1, R2, R3, R4, R5, R6, R7, R8","33k","Device:R","Resistor_SMD:R_1206_3216Metric_Pad1.30x1.75mm_HandSolder","~","","","","","","","",""
"17","28","R9, R10, R11, R12, R13, R14, R15, R16, R17, R18, R19, R20, R32, R33, R36, R37, R38, R39, R41, R44, R48, R49, R50, R51, R52, R53, R54, R55","100k","Device:R","Resistor_SMD:R_1206_3216Metric_Pad1.30x1.75mm_HandSolder","~","","","","","","","",""
"18","1","R21","2.35k","Device:R","Resistor_SMD:R_1206_3216Metric_Pad1.30x1.75mm_HandSolder","~","","","","","","","",""
"19","10","R22, R23, R24, R25, R26, R27, R28, R29, R34, R35","4.7M","Device:R","Resistor_SMD:R_1206_3216Metric_Pad1.30x1.75mm_HandSolder","~","","","","","","","",""
"20","4","R30, R31, R40, R43","100","Device:R","Resistor_SMD:R_1206_3216Metric_Pad1.30x1.75mm_HandSolder","~","","","","","","","",""
"21","1","R42","10M","Device:R","Resistor_SMD:R_1206_3216Metric_Pad1.30x1.75mm_HandSolder","~","","","","","","","",""
"22","2","R45, R61","10k","Device:R","Resistor_SMD:R_1206_3216Metric_Pad1.30x1.75mm_HandSolder","~","","","","","","","",""
"23","7","R46, R47, R56, R57, R58, R59, R60","20k","Device:R","Resistor_SMD:R_1206_3216Metric_Pad1.30x1.75mm_HandSolder","~","","","","","","","",""
"24","1","T1","Lehle_MZ_P","Device:Transformer_1P_SS","Lehle_Transformer:Lehle_MZ_P","~","","","","","","","",""
"25","10","U1, U2, U3, U4, U5, U6, U7, U8, U11, U17","74HC595","74xx:74HC595","SamacSys_Parts:SOIC127P600X175-16N","http://www.ti.com/lit/ds/symlink/sn74hc595.pdf","","","","","","","",""
"26","2","U9, U18","TL074","Amplifier_Operational:TL074","SamacSys_Parts:SOIC127P600X175-14N","http://www.ti.com/lit/ds/symlink/tl071.pdf","","","","","","","",""
"27","3","U10, U12, U13","TL072","Amplifier_Operational:TL072","SamacSys_Parts:SOIC127P600X175-8N","http://www.ti.com/lit/ds/symlink/tl071.pdf","","","","","","","",""
"28","3","U14, U15, U16","MCP23009-E_SO","SamacSys_Parts:MCP23009-E_SO","SamacSys_Parts:SOIC127P1030X265-18N","http://ww1.microchip.com/downloads/en/DeviceDoc/20002121C.pdf","MCP23009-E/SO","https://www.arrow.com/en/products/mcp23009-eso/microchip-technology?region=nac","8-bit Input/Output Expander, I2C","2.65","Microchip","MCP23009-E/SO","579-MCP23009-E/SO","https://www.mouser.co.uk/ProductDetail/Microchip-Technology/MCP23009-E-SO?qs=WqWCsLCZBkrVROuSvxwQ1Q%3D%3D"
